aaa,1111,홍길동,Plesing,61 Hanover Junction,10000000
bbb,2222,유관순,Weight,47271 Sachs Point,10000000
ccc,3333,이순신,Pargiter,558 Jenifer Lane,8000000
mpetrakov3,1267,Marna,Petrakov,5602 Elka Lane,5000000
czorer4,9585,Cordie,Zorer,2932 Blaine Place,9000000
kambrozewicz5,9569,Kelsey,Ambrozewicz,09 Comanche Pass,9000000
lconti6,3935,Lind,Conti,6200 Anthes Park,9000000
jpincott7,1740,Jeffrey,Pincott,5397 Holy Cross Avenue,6000000
thutten8,7586,Trudy,Hutten,86223 Mesta Lane,8000000
lkrimmer9,2070,Laird,Krimmer,549 Eggendart Street,7000000
bspinielloa,5001,Bonni,Spiniello,200 Holmberg Park,9000000
slucb,8996,Simona,Luc,23410 Birchwood Avenue,5000000
mtschierschc,5929,Mari,Tschiersch,7628 Mifflin Park,7000000
tkearled,2047,Tymothy,Kearle,5006 Towne Circle,8000000
driemee,7906,Delia,Rieme,071 Harbort Road,9000000
abranscombef,4101,Aida,Branscombe,0714 Melody Drive,9000000
lfullicksg,8033,Levon,Fullicks,0 Mosinee Junction,7000000
ajaslemh,7848,Albertina,Jaslem,2486 Scofield Junction,10000000
cpetteti,3781,Cecil,Pettet,16690 Sachs Drive,5000000
dgiacovettij,3408,Dru,Giacovetti,844 Golden Leaf Park,10000000
