제목,금액,평점,평가수,찜
샤오미 무선 무소음 블루투스 마우스,"14,800",4.78,"1,950",401
디지털벤투스 헬로키티 스탠드 블루투스 무선 마우스,"24,500",0,0,0
로지텍 페블 M350 마우스 (벌크),"16,900",4.79,2456,2456
제닉스크리에이티브 STORMX VM2 무선 버티컬 마우스,"24,550",4.75,6221,6221
다얼유 A950G 1K 유 무선 게이밍마우스 초경량,"45,000",4.93,2660,2660
로지텍코리아 M650 SIGNATURE 블루투스 멀티 마우스 (BOLT 수신기포함),"44,900",4.88,2686,2686
로지텍코리아 로지텍 M331 무소음 무선마우스 (블랙/그레이/레드),"24,900",4.89,4938,4938
로이체 RX-900S,"59,900",4.72,832,832
VXE MAD R 잠자리 마우스 36g 초경량 무선 게이밍 PAW3395 1K 수신기,"24,900",3.41,17,17
람주 MAYA 4K,"116,750",4.94,395,395
데이비드테크 엔보우 무선 무소음 마우스 NG01,"8,722",4.75,5549,5549
RAZER Deathadder V3 Pro FAKER edition,"189,000",4.94,415,415
로지텍 페블 M350 무선 마우스 핑크 병행 밀봉박스상품,"22,690",4.87,743,743
로지텍 M280 Wireless Mouse,"17,550",4.81,1167,1167
[국내정품] 로지텍 리프트 버티컬 무소음 무선 마우스 인체공학 사무용 노트북 아이패드 맥북 태블릿,"79,000",4.88,1000,1000
삼성전자 삼성 SMO-3550B,"18,740",4.7,1917,1917
키크론 M6,"58,650",4.78,495,495
로지텍 로지텍G G304 LIGHTSPEED WIRELESS 병행수입 정품,"37,990",0,0,0
로지텍 MX Anywhere 3S 국내정품,"84,100",4.72,53,53
로지텍 로지텍G G303 SHROUD 에디션,"76,550",4.79,665,665
펄사 X2V2 미니 무선 게이밍 마우스,"82,280",4.86,153,153
제닉스 STORMX VM3 인체공학 버티컬 무선 블루투스 마우스 손목보호 태블릿 노트북,"35,900",4.69,13000,13000
산리오 헬로키티 충전식 무선 무소음 인체공학 버티컬 마우스,"54,900",4.87,115,928
삼성전자 무선 버티컬 마우스 SM-M1300Q 멀티페어링 블루투스 저소음 인체공학 마우스,"39,900",0,0,888
로지텍 M350 페블 무선 무소음 마우스 아이패드 맥북 그램 노트북 블루투스 병행 +패드,"20,750",4.91,875,875
삼성전자 무선 버티컬 마우스 SM-M1300Q 멀티페어링 블루투스 저소음 인체공학 마우스,"39,900",4.75,4328,4328
제닉스크리에이티브 STORMX VM2 BT 무선 블루투스 버티컬 마우스,"30,590",4.69,2759,2759
레이저코리아 바이퍼 V3 프로 Razer Viper V3 Pro 유무선 게이밍마우스,"239,000",4.9,783,783
지클릭커 움직이는 마카롱 무소음 블루투스 무선 마우스,"11,400",4.72,837,837
삼성 멀티페어링 저소음 블루투스 무선 마우스 SM-M1700Q 노트북 갤럭시탭 저소음,"23,900",4.8,292,292
펄사 Xlite V3 미니 초경량 무선 게이밍 마우스,"83,300",4.86,192,192
RAZER 바실리스크 v3 프로 + 무선 충전 팩,"269,000",4.9,642,642
제닉스크리에이티브 STORMX VM1 무선 버티컬마우스,"17,900",4.73,712,712
로지텍코리아 로지텍 MX VERTICAL 버티컬 무선마우스,"129,000",4.84,2405,2405
삼성전자 삼성 SM-B1500QG,"19,790",4.84,1302,1302
한성컴퓨터 BM200 듀얼무선 무소음마우스,"20,610",4.76,432,432
로지텍 로지텍 G304 무선 게이밍 마우스 병행 밀봉박스새상품,"43,640",0,1439,1439
로이체 산리오 충전형 무선 버티컬 마우스,"49,410",4.88,113,113
(로지텍 정품) 로지텍G PRO WIRELESS 병행,"82,080",4.8,469,469
로이체 RX-800V,"24,210",4.79,2749,2749
로지텍 Lift Vertical Ergonomic Mouse,"53,890",4.75,239,239
로지텍 M185 Wireless Mouse (벌크),"7,390",4.7,798,798
엑토 ONMSC-01,"22,410",4.79,653,653
로지텍G G304 무선게이밍마우스 맥북 맥 그램 노트북 갤럭시탭 서든 롤 배그 병행 +패드,"41,900",4.88,1819,1819
